Name,Team,Pos,G,GS,Att,Yds,TD,1D,Succ%,Y/A,Y/G
Saquon Barkley,PHI,RB,16,16,345,2005,13,82,52.5,5.8,125.3
Kyren Williams,LAR,RB,16,16,316,1299,14,85,50.9,4.1,81.2
Derrick Henry,BAL,RB,16,16,305,1783,14,89,59.0,5.8,111.4
Josh Jacobs,GNB,RB,16,16,295,1285,14,68,51.5,4.4,80.3
Bijan Robinson,ATL,RB,16,16,276,1286,12,67,57.6,4.7,80.4
Jonathan Taylor,IND,RB,13,12,269,1254,10,59,42.4,4.7,96.5
Najee Harris,PIT,RB,16,16,251,1007,5,46,43.8,4.0,62.9
Chuba Hubbard,CAR,RB,15,15,250,1195,10,62,54.8,4.8,79.7
Aaron Jones,MIN,RB,16,16,245,1093,5,48,49.8,4.5,68.3
Joe Mixon,HOU,RB,13,13,240,993,11,50,41.7,4.1,76.4
Tony Pollard,TEN,RB,15,15,238,1017,5,50,47.9,4.3,67.8
James Conner,ARI,RB,16,16,236,1094,8,67,51.7,4.6,68.4
D'Andre Swift,CHI,RB,16,16,233,894,5,39,43.8,3.8,55.9
Chase Brown,CIN,RB,16,10,229,990,7,49,52.4,4.3,61.9
Alvin Kamara,NOR,RB,14,14,228,950,6,52,51.3,4.2,67.9
Jahmyr Gibbs,DET,RB,16,3,227,1273,13,62,54.2,5.6,79.6
Rico Dowdle,DAL,RB,15,14,213,1007,1,49,54.5,4.7,67.1
Rhamondre Stevenson,NWE,RB,15,14,207,801,7,40,50.2,3.9,53.4
Kareem Hunt,KAN,RB,13,8,200,728,7,42,55.5,3.6,56.0
James Cook,BUF,RB,15,15,197,981,15,46,52.3,5.0,65.4
Breece Hall,NYJ,RB,15,15,197,819,5,37,46.7,4.2,54.6
De'Von Achane,MIA,RB,16,15,192,786,5,33,49.5,4.1,49.1
Bucky Irving,TAM,RB,16,2,188,1033,7,50,55.3,5.5,64.6
David Montgomery,DET,RB,14,14,185,775,12,50,55.1,4.2,55.4
Brian Robinson Jr.,WAS,RB,13,12,182,789,8,47,49.5,4.3,60.7
Tyrone Tracy Jr.,NYG,RB,16,11,178,780,5,37,45.5,4.4,48.8
J.K. Dobbins,LAC,RB,12,10,177,842,9,43,41.2,4.8,70.2
Tank Bigsby,JAX,RB,15,1,154,727,6,36,49.4,4.7,48.5
Jordan Mason,SFO,RB,12,6,153,789,3,37,47.1,5.2,65.8
Kenneth Walker III,SEA,RB,11,11,153,573,7,28,44.4,3.7,52.1
Jalen Hurts,PHI,QB,15,15,150,630,14,62,55.3,4.2,42.0
Jayden Daniels,WAS,QB,16,16,144,864,6,53,63.2,6.0,54.0
Rachaad White,TAM,RB,15,15,144,613,3,35,50.7,4.3,40.9
Travis Etienne,JAX,RB,14,14,137,527,2,28,45.3,3.8,37.6
Javonte Williams,DEN,RB,16,11,134,485,4,28,45.5,3.6,30.3
Lamar Jackson,BAL,QB,16,16,130,852,4,44,55.4,6.6,53.3
Tyler Allgeier,ATL,RB,16,0,128,592,3,39,56.3,4.6,37.0
Alexander Mattison,LVR,RB,13,6,126,400,4,24,34.9,3.2,30.8
Zach Charbonnet,SEA,RB,16,5,121,510,8,30,45.5,4.2,31.9
Jaylen Warren,PIT,RB,14,0,114,490,1,28,50.0,4.3,35.0
Antonio Gibson,NWE,RB,16,2,108,497,1,23,44.4,4.6,31.1
Devin Singletary,NYG,RB,14,5,106,415,4,22,47.2,3.9,29.6
Jerome Ford,CLE,RB,14,6,104,565,3,25,47.1,5.4,40.4
Josh Allen,BUF,QB,16,16,102,531,12,52,64.7,5.2,33.2
Nick Chubb,CLE,RB,8,8,102,332,3,17,41.2,3.3,41.5
Gus Edwards,LAC,RB,11,6,101,365,4,17,49.5,3.6,33.2
Ray Davis,BUF,RB,16,0,98,378,3,22,44.9,3.9,23.6
Cam Akers,2TM,RB,16,2,98,379,2,20,38.8,3.9,23.7
Cam Akers,HOU,RB,5,2,40,147,1,5,30.0,3.7,29.4
Cam Akers,MIN,RB,11,0,58,232,1,15,44.8,4.0,21.1
Jaleel McLaughlin,DEN,RB,15,4,97,457,1,22,50.5,4.7,30.5
Emanuel Wilson,GNB,RB,16,0,89,429,3,22,59.6,4.8,26.8
Braelon Allen,NYJ,RB,16,2,88,319,2,20,50.0,3.6,19.9
Anthony Richardson,IND,QB,11,11,86,499,6,34,58.1,5.8,45.4
Raheem Mostert,MIA,RB,12,1,85,278,2,13,37.6,3.3,23.2
Bo Nix,DEN,QB,16,16,85,383,4,36,51.8,4.5,23.9
Tyjae Spears,TEN,RB,12,1,84,312,4,19,46.4,3.7,26.0
Isiah Pacheco,KAN,RB,7,6,83,310,1,14,53.0,3.7,44.3
Isaac Guerendo,SFO,RB,15,2,82,415,4,18,48.8,5.1,27.7
Caleb Williams,CHI,QB,16,16,78,479,0,26,51.3,6.1,29.9
Kyler Murray,ARI,QB,16,16,75,550,5,25,50.7,7.3,34.4
Austin Ekeler,WAS,RB,11,6,74,355,4,18,51.4,4.8,32.3
Ezekiel Elliott,DAL,RB,15,2,74,226,3,14,43.2,3.1,15.1
Zack Moss,CIN,RB,8,6,74,242,2,13,36.5,3.3,30.3
Daniel Jones,NYG,QB,10,10,67,265,2,26,59.7,4.0,26.5
Ameer Abdullah,LVR,RB,16,3,66,311,2,14,50.0,4.7,19.4
Brock Purdy,SFO,QB,15,15,66,323,5,33,63.6,4.9,21.5
Justin Herbert,LAC,QB,16,16,65,264,2,21,46.2,4.1,16.5
Zamir White,LVR,RB,8,5,65,183,1,4,26.2,2.8,22.9
Sam Darnold,MIN,QB,16,16,64,202,1,22,42.2,3.2,12.6
Audric Estime,DEN,RB,12,1,64,276,1,12,51.6,4.3,23.0
Kenneth Gainwell,PHI,RB,16,0,64,276,1,12,28.1,4.3,17.3
Trey Benson,ARI,RB,13,1,63,291,1,16,49.2,4.6,22.4
Justin Fields,PIT,QB,10,6,62,289,5,19,54.8,4.7,28.9
Jaylen Wright,MIA,RB,14,1,62,253,0,10,41.9,4.1,18.1
D'Onta Foreman,CLE,RB,10,2,61,205,0,10,44.3,3.4,20.5
Patrick Mahomes,KAN,QB,16,16,58,307,2,22,50.0,5.3,19.2
Ty Chandler,MIN,RB,16,0,56,182,0,9,37.5,3.3,11.4
Blake Corum,LAR,RB,16,0,56,197,0,12,42.9,3.5,12.3
Trey Sermon,IND,RB,16,3,56,159,2,14,44.6,2.8,9.9
Jeremy McNichols,WAS,RB,16,1,55,261,4,15,58.2,4.7,16.3
Drake Maye,NWE,QB,12,11,54,421,2,22,64.8,7.8,35.1
Roschon Johnson,CHI,RB,13,0,53,147,6,17,56.6,2.8,11.3
C.J. Stroud,HOU,QB,16,16,52,233,0,14,38.5,4.5,14.6
Baker Mayfield,TAM,QB,16,16,51,310,3,21,51.0,6.1,19.4
Geno Smith,SEA,QB,16,16,51,258,2,16,35.3,5.1,16.1
Christian McCaffrey,SFO,RB,4,4,50,202,0,12,44.0,4.0,50.5
Carson Steele,KAN,RB,16,2,48,158,0,14,60.4,3.3,9.9
Sean Tucker,TAM,RB,16,0,48,292,2,16,56.3,6.1,18.3
Justice Hill,BAL,RB,15,0,47,228,1,14,44.7,4.9,15.2
Kimani Vidal,LAC,RB,9,0,43,155,0,7,32.6,3.6,17.2
Deebo Samuel,SFO,WR,15,15,42,136,1,5,45.2,3.2,9.1
Joe Burrow,CIN,QB,16,16,41,202,2,16,48.8,4.9,12.6
Will Levis,TEN,QB,11,11,41,175,0,20,53.7,4.3,15.9
Jamaal Williams,NOR,RB,13,0,40,149,1,9,50.0,3.7,11.5
Taysom Hill,NOR,TE,8,8,39,278,6,18,64.1,7.1,34.8
Ty Johnson,BUF,RB,16,1,39,200,1,12,66.7,5.1,12.5
Sincere McCormick,LVR,RB,5,2,39,183,0,10,53.8,4.7,36.6
Kendre Miller,NOR,RB,6,2,39,148,1,11,48.7,3.8,24.7
Russell Wilson,PIT,QB,10,10,39,139,2,14,46.2,3.6,13.9
Miles Sanders,CAR,RB,10,1,38,139,1,9,42.1,3.7,13.9
Bryce Young,CAR,QB,13,11,38,225,4,12,52.6,5.9,17.3
Jared Goff,DET,QB,16,16,35,56,0,9,34.3,1.6,3.5
Chris Rodriguez,WAS,RB,8,0,35,173,2,10,74.3,4.9,21.6
Tyler Goodson,IND,RB,15,0,32,153,1,6,46.9,4.8,10.2
Cordarrelle Patterson,PIT,RB,12,1,31,134,0,7,45.2,4.3,11.2
Deshaun Watson,CLE,QB,7,7,31,148,1,8,41.9,4.8,21.1
D'Ernest Johnson,JAX,RB,13,1,30,117,0,6,46.7,3.9,9.0
Matthew Stafford,LAR,QB,16,16,30,41,0,10,36.7,1.4,2.6
Chris Brooks,GNB,RB,14,0,28,124,1,9,50.0,4.4,8.9
Dare Ogunbowale,HOU,RB,16,1,28,115,0,5,39.3,4.1,7.2
Isaiah Davis,NYJ,RB,16,0,26,133,1,9,65.4,5.1,8.3
Trevor Lawrence,JAX,QB,10,10,26,119,3,13,57.7,4.6,11.9
Cooper Rush,DAL,QB,12,8,26,18,0,5,26.9,0.7,1.5
Pierre Strong,CLE,RB,14,0,26,108,0,6,46.2,4.2,7.7
Jordan Love,GNB,QB,14,14,25,83,1,9,44.0,3.3,5.9
Jameis Winston,CLE,QB,12,7,25,83,1,17,76.0,3.3,6.9
Emari Demercado,ARI,RB,13,0,24,223,1,8,50.0,9.3,17.2
Kenny McIntosh,SEA,RB,16,0,24,123,0,6,45.8,5.1,7.7
Mason Rudolph,TEN,QB,7,5,24,101,1,12,58.3,4.2,14.4
Kirk Cousins,ATL,QB,14,14,23,0,0,2,13.0,0.0,0.0
Tyler Huntley,MIA,QB,4,4,23,119,2,9,43.5,5.2,29.8
Mac Jones,JAX,QB,9,6,23,75,1,10,47.8,3.3,8.3
Craig Reynolds,DET,RB,16,0,23,100,0,5,60.9,4.3,6.3
Hassan Haskins,LAC,RB,16,0,22,56,1,8,50.0,2.5,3.5
Aaron Rodgers,NYJ,QB,16,16,22,107,0,7,40.9,4.9,6.7
Patrick Taylor,SFO,RB,12,1,22,74,1,3,50.0,3.4,6.2
Dameon Pierce,HOU,RB,10,0,21,117,1,2,38.1,5.6,11.7
Julius Chestnut,TEN,RB,16,0,20,91,0,1,40.0,4.6,5.7
Jamycal Hasty,NWE,RB,15,0,20,69,0,4,45.0,3.5,4.6
Will Shipley,PHI,RB,15,1,20,50,0,1,25.0,2.5,3.3
Xavier Worthy,KAN,WR,16,13,20,104,3,4,75.0,5.2,6.5
Gardner Minshew II,LVR,QB,10,9,19,58,0,5,36.8,3.1,5.8
Samaje Perine,KAN,RB,16,0,19,91,1,7,57.9,4.8,5.7
Dorian Thompson-Robinson,CLE,QB,6,2,19,119,0,9,68.4,6.3,19.8
Malik Willis,GNB,QB,6,2,19,135,1,6,47.4,7.1,22.5
Michael Carter,ARI,RB,2,0,18,88,0,6,72.2,4.9,44.0
Jordan Mims,NOR,RB,10,0,18,58,0,1,33.3,3.2,5.8
Derek Carr,NOR,QB,10,10,17,71,1,4,52.9,4.2,7.1
Aidan O'Connell,LVR,QB,8,6,17,17,1,8,47.1,1.0,2.1
Spencer Rattler,NOR,QB,6,5,17,135,0,7,70.6,7.9,22.5
Jayden Reed,GNB,WR,16,10,17,160,1,7,70.6,9.4,10.0
Tua Tagovailoa,MIA,QB,11,11,17,49,0,5,41.2,2.9,4.5
Drew Lock,NYG,QB,7,4,16,130,2,8,50.0,8.1,18.6
Khalil Herbert,2TM,RB,13,0,16,61,1,5,62.5,3.8,4.7
Khalil Herbert,CHI,RB,6,0,8,16,1,3,62.5,2.0,2.7
Khalil Herbert,CIN,RB,7,0,8,45,0,2,62.5,5.6,6.4
Jacoby Brissett,NWE,QB,8,5,15,62,0,5,53.3,4.1,7.8
KaVontae Turpin,DAL,WR,16,2,15,87,0,6,60.0,5.8,5.4
CeeDee Lamb,DAL,WR,15,15,14,70,0,4,42.9,5.0,4.7
Jeff Wilson,MIA,RB,8,0,14,61,0,3,50.0,4.4,7.6
Eric Gray,NYG,RB,16,0,13,25,0,1,23.1,1.9,1.6
Marcus Mariota,WAS,QB,2,0,13,36,0,3,38.5,2.8,18.0
Jase McClellan,ATL,RB,2,0,13,32,0,2,46.2,2.5,16.0
Marvin Mims,DEN,WR,16,2,13,42,0,3,38.5,3.2,2.6
D.J. Moore,CHI,WR,16,16,13,70,0,3,69.2,5.4,4.4
Dak Prescott,DAL,QB,8,8,13,54,1,5,61.5,4.2,6.8
Mitchell Trubisky,BUF,QB,8,0,13,-11,0,0,0.0,-0.8,-1.4
Tyler Badie,DEN,RB,3,0,11,86,0,4,54.5,7.8,28.7
Raheem Blackshear,CAR,RB,15,1,11,33,0,0,36.4,3.0,2.2
Andy Dalton,CAR,QB,6,5,11,34,0,2,36.4,3.1,5.7
Derius Davis,LAC,WR,14,2,11,40,0,2,54.5,3.6,2.9
Jake Haener,NOR,QB,8,1,11,22,0,0,18.2,2.0,2.8
Keaton Mitchell,BAL,RB,4,0,11,20,0,2,27.3,1.8,5.0
Puka Nacua,LAR,WR,11,11,11,46,1,2,63.6,4.2,4.2
Deuce Vaughn,DAL,RB,6,0,11,33,0,0,27.3,3.0,5.5
Jameson Williams,DET,WR,14,10,11,61,1,5,63.6,5.5,4.4
Rasheen Ali,BAL,RB,5,0,10,31,0,2,40.0,3.1,6.2
Alec Ingold,MIA,FB,14,9,10,17,1,6,60.0,1.7,1.2
Ray-Ray McCloud,ATL,WR,16,12,10,79,0,3,60.0,7.9,4.9
Ronnie Rivers,LAR,RB,16,0,10,51,0,5,70.0,5.1,3.2
J.J. Taylor,HOU,RB,5,0,10,44,0,1,50.0,4.4,8.8
Mike Boone,CAR,RB,5,0,9,33,0,2,55.6,3.7,6.6
Jonathon Brooks,CAR,RB,3,1,9,22,0,0,33.3,2.4,7.3
Tank Dell,HOU,WR,14,10,9,43,0,3,33.3,4.8,3.1
Joe Flacco,IND,QB,7,5,9,26,0,2,22.2,2.9,3.7
Hunter Luepke,DAL,RB,15,3,9,23,0,4,44.4,2.6,1.5
Kenny Pickett,PHI,QB,5,1,9,15,1,3,33.3,1.7,3.0
Desmond Ridder,LVR,QB,5,1,9,36,0,2,44.4,4.0,7.2
Tre Tucker,LVR,WR,16,14,9,44,1,3,66.7,4.9,2.8
Dalvin Cook,DAL,RB,2,0,8,20,0,0,37.5,2.5,10.0
DeeJay Dallas,ARI,RB,16,0,8,27,0,3,62.5,3.4,1.7
Tommy DeVito,NYG,QB,3,2,8,32,0,1,25.0,4.0,10.7
Zay Flowers,BAL,WR,16,14,8,47,0,1,50.0,5.9,2.9
Tyreek Hill,MIA,WR,16,16,8,53,0,2,62.5,6.6,3.3
Sterling Shepard,TAM,WR,13,4,8,69,0,4,62.5,8.6,5.3
Bo Melton,GNB,WR,16,0,7,53,0,4,71.4,7.6,3.3
Tyson Bagent,CHI,QB,4,0,6,-7,0,0,0.0,-1.2,-1.8
Michael Burton,DEN,FB,16,2,6,5,1,3,50.0,0.8,0.3
Travis Homer,CHI,RB,10,0,6,23,0,2,66.7,3.8,2.3
Jermar Jefferson,DET,RB,2,0,6,22,0,1,83.3,3.7,11.0
Xavier Legette,CAR,WR,15,12,6,24,0,2,50.0,4.0,1.6
MarShawn Lloyd,GNB,RB,1,0,6,15,0,0,16.7,2.5,15.0
Michael Penix,ATL,QB,4,2,6,6,0,0,0.0,1.0,1.5
Calvin Ridley,TEN,WR,16,13,6,58,1,3,83.3,9.7,3.6
Rashid Shaheed,NOR,WR,6,5,6,29,0,2,50.0,4.8,4.8
Aaron Shampklin,PIT,RB,3,0,6,17,0,1,16.7,2.8,5.7
Brian Thomas,JAX,WR,16,15,6,48,0,3,66.7,8.0,3.0
Clayton Tune,ARI,QB,5,0,6,-6,0,1,16.7,-1.0,-1.2
Sione Vaki,DET,RB,15,0,6,14,0,0,33.3,2.3,0.9
Brock Bowers,LVR,TE,16,15,5,13,0,2,60.0,2.6,0.8
Ashton Dulin,IND,WR,14,2,5,45,0,2,100.0,9.0,3.2
Clyde Edwards-Helaire,NOR,RB,1,0,5,20,0,1,60.0,4.0,20.0
Mecole Hardman,KAN,WR,12,0,5,62,1,2,100.0,12.4,5.2
Hendon Hooker,DET,QB,3,0,5,2,0,1,20.0,0.4,0.7
Terrell Jennings,NWE,RB,2,0,5,13,0,0,20.0,2.6,6.5
Kyle Juszczyk,SFO,FB,16,14,5,26,1,1,20.0,5.2,1.6
Trey Lance,DAL,QB,3,0,5,15,0,2,60.0,3.0,5.0
Malik Nabers,NYG,WR,14,12,5,2,0,1,40.0,0.4,0.1
Curtis Samuel,BUF,WR,13,1,5,14,0,0,40.0,2.8,1.1
Kyle Trask,TAM,QB,4,0,5,-4,0,0,0.0,-0.8,-1.0
DJ Turner,LVR,WR,12,6,5,33,1,1,60.0,6.6,2.8
Jonathan Ward,PIT,RB,4,0,5,22,0,1,60.0,4.4,5.5
Malik Washington,MIA,WR,13,3,5,25,1,1,60.0,5.0,1.9
Greg Dortch,ARI,WR,16,4,4,24,0,1,100.0,6.0,1.5
Devin Duvernay,JAX,WR,12,1,4,3,0,1,50.0,0.8,0.3
Josh Johnson,BAL,QB,5,0,4,1,0,0,0.0,0.3,0.2
Adonai Mitchell,IND,WR,16,7,4,6,0,1,50.0,1.5,0.4
Jaxon Smith-Njigba,SEA,WR,16,15,4,22,0,1,75.0,5.5,1.4
Blake Watson,DEN,RB,2,0,4,10,0,2,75.0,2.5,5.0
Christian Watson,GNB,WR,14,14,4,23,0,1,75.0,5.8,1.6
Jordan Addison,MIN,WR,14,14,3,20,1,1,100.0,6.7,1.4
Brandon Allen,SFO,QB,3,1,3,4,0,0,0.0,1.3,1.3
Mark Andrews,BAL,TE,16,12,3,5,0,3,100.0,1.7,0.3
Ja'Marr Chase,CIN,WR,16,15,3,32,0,2,100.0,10.7,2.0
Chris Collier,LVR,RB,2,0,3,6,0,0,0.0,2.0,3.0
Tyrion Davis-Price,PHI,RB,1,0,3,7,0,0,0.0,2.3,7.0
Stefon Diggs,HOU,WR,8,8,3,8,1,1,66.7,2.7,1.0
Demario Douglas,NWE,WR,16,7,3,16,0,0,66.7,5.3,1.0
Darrynton Evans,CHI,RB,4,0,3,3,0,0,33.3,1.0,0.8
Myles Gaskin,MIN,RB,5,0,3,-1,0,0,0.0,-0.3,-0.2
George Holani,SEA,RB,4,0,3,10,0,1,66.7,3.3,2.5
Quentin Johnston,LAC,WR,14,10,3,6,0,0,33.3,2.0,0.4
Tucker Kraft,GNB,TE,16,16,3,6,0,3,100.0,2.0,0.4
Jalen McMillan,TAM,WR,12,11,3,37,0,3,100.0,12.3,3.1
Nick Mullens,MIN,QB,4,0,3,-2,0,0,0.0,-0.7,-0.5
Jalen Nailor,MIN,WR,16,7,3,-4,0,1,33.3,-1.3,-0.3
Rome Odunze,CHI,WR,16,11,3,15,0,1,66.7,5.0,0.9
Ricky Pearsall,SFO,WR,10,3,3,45,0,1,66.7,15.0,4.5
Jalen Reagor,LAC,WR,8,2,3,-3,0,0,0.0,-1.0,-0.4
Wan'Dale Robinson,NYG,WR,16,7,3,18,0,1,33.3,6.0,1.1
Tyrod Taylor,NYJ,QB,2,0,3,13,0,0,66.7,4.3,6.5
Jaylen Waddle,MIA,WR,14,14,3,6,0,0,66.7,2.0,0.4
Carson Wentz,KAN,QB,2,0,3,0,0,0,0.0,0.0,0.0
Tim Boyle,2TM,QB,3,0,3,9,0,1,66.7,3.0,3.0
Tim Boyle,MIA,QB,2,0,2,10,0,1,100.0,5.0,5.0
Tim Boyle,NYG,QB,1,0,1,-1,0,0,0.0,-1.0,-1.0
Velus Jones Jr.,2TM,WR,3,0,3,11,0,1,66.7,3.7,3.7
Velus Jones Jr.,CHI,WR,1,0,2,11,0,1,100.0,5.5,11.0
Velus Jones Jr.,CAR,WR,2,0,1,0,0,0,0.0,0.0,0.0
Tutu Atwell,LAR,WR,16,4,2,7,0,0,50.0,3.5,0.4
Dyami Brown,WAS,WR,15,2,2,18,0,1,100.0,9.0,1.2
Jake Browning,CIN,QB,3,0,2,-2,0,0,0.0,-1.0,-0.7
Treylon Burks,TEN,WR,5,2,2,1,0,0,50.0,0.5,0.2
Brandin Cooks,DAL,WR,9,8,2,2,0,0,50.0,1.0,0.2
Malachi Corley,NYJ,WR,9,1,2,26,0,1,100.0,13.0,2.9
Troy Franklin,DEN,WR,15,6,2,8,0,0,50.0,4.0,0.5
Reggie Gilliam,BUF,FB,14,0,2,3,0,0,0.0,1.5,0.2
C.J. Ham,MIN,FB,16,3,2,10,1,1,100.0,5.0,0.6
Taylor Heinicke,LAC,QB,4,0,2,20,0,1,50.0,10.0,5.0
Diontae Johnson,2TM,WR,11,8,2,6,0,1,50.0,3.0,0.5
Diontae Johnson,CAR,WR,7,7,2,6,0,1,50.0,3.0,0.9
Diontae Johnson,BAL,WR,4,1,0,0,0,0,,,0.0
Kameron Johnson,TAM,WR,5,0,2,11,0,1,50.0,5.5,2.2
Cooper Kupp,LAR,WR,12,11,2,10,0,1,50.0,5.0,0.8
Tyreik McAllister,LVR,WR,3,0,2,11,0,1,50.0,5.5,3.7
Tanner McKee,PHI,QB,1,0,2,-2,0,0,0.0,-1.0,-2.0
Terry McLaurin,WAS,WR,16,16,2,2,0,0,0.0,1.0,0.1
Jakobi Meyers,LVR,WR,14,14,2,23,0,1,50.0,11.5,1.6
Jonathan Mingo,2TM,WR,16,6,2,5,0,0,0.0,2.5,0.3
Jonathan Mingo,CAR,WR,9,5,2,5,0,0,0.0,2.5,0.6
Jonathan Mingo,DAL,WR,7,1,0,0,0,0,,,0.0
George Pickens,PIT,WR,13,11,2,-6,0,0,50.0,-3.0,-0.5
Kalif Raymond,DET,WR,11,2,2,0,0,1,50.0,0.0,0.0
Khalil Shakir,BUF,WR,15,9,2,4,0,0,0.0,2.0,0.3
Darius Slayton,NYG,WR,15,12,2,17,0,1,100.0,8.5,1.1
Jonnu Smith,MIA,TE,16,5,2,-1,0,0,0.0,-0.5,-0.1
Xavier Smith,LAR,WR,14,0,2,30,0,1,100.0,15.0,2.1
Amon-Ra St. Brown,DET,WR,16,16,2,6,0,1,50.0,3.0,0.4
Jarrett Stidham,DEN,QB,2,0,2,-2,0,0,0.0,-1.0,-1.0
Deven Thompkins,CAR,WR,7,0,2,7,0,0,50.0,3.5,1.0
Kadarius Toney,CLE,WR,3,0,2,-4,0,0,0.0,-2.0,-1.3
Ke'Shawn Vaughn,SFO,RB,3,0,2,4,0,0,0.0,2.0,1.3
Kevin Austin,NOR,WR,7,2,1,9,0,0,100.0,9.0,1.3
Jake Bailey,MIA,P,16,0,1,0,0,0,0.0,0.0,0.0
Kendrick Bourne,NWE,WR,11,8,1,6,0,1,100.0,6.0,0.5
Tyler Boyd,TEN,WR,16,8,1,3,0,1,100.0,3.0,0.2
British Brooks,HOU,RB,5,0,1,2,0,0,0.0,2.0,0.4
Tyler Conklin,NYJ,TE,15,14,1,0,0,0,0.0,0.0,0.0
Ashtyn Davis,NYJ,S,14,0,1,21,0,1,100.0,21.0,1.5
Joshua Dobbs,SFO,QB,1,0,1,7,1,1,100.0,7.0,7.0
Jahan Dotson,PHI,WR,16,5,1,13,0,1,100.0,13.0,0.8
Josh Downs,IND,WR,13,7,1,12,0,0,0.0,12.0,0.9
Chris Godwin,TAM,WR,7,7,1,2,0,1,100.0,2.0,0.3
Matthew Hayball,NOR,P,16,0,1,11,0,1,100.0,11.0,0.7
Jaden Hicks,KAN,DB,16,0,1,1,0,0,0.0,1.0,0.1
Sam Howell,SEA,QB,2,0,1,2,0,0,0.0,2.0,1.0
Tanner Hudson,CIN,TE,10,0,1,1,0,1,100.0,1.0,0.1
Jermaine Jackson,NOR,WR,4,0,1,-1,0,0,0.0,-1.0,-0.3
Jha'Quan Jackson,TEN,WR,12,0,1,-5,0,0,0.0,-5.0,-0.4
Justin Jefferson,MIN,WR,16,16,1,3,0,0,0.0,3.0,0.2
Marcus Jones,NWE,CB,14,9,1,5,0,0,100.0,5.0,0.4
Travis Kelce,KAN,TE,16,16,1,1,0,0,100.0,1.0,0.1
Charlie Kolar,BAL,TE,12,3,1,2,0,1,100.0,2.0,0.2
Dylan Laube,LVR,RB,9,0,1,0,0,0,0.0,0.0,0.0
Drake London,ATL,WR,16,16,1,-3,0,0,0.0,-3.0,-0.2
Julian Love,SEA,FS,16,16,1,2,0,1,100.0,2.0,0.1
Trey McBride,ARI,TE,15,15,1,2,1,1,100.0,2.0,0.1
David Moore,CAR,WR,16,5,1,0,0,0,0.0,0.0,0.0
Elijah Moore,CLE,WR,16,12,1,1,0,0,0.0,1.0,0.1
Chigoziem Okonkwo,TEN,TE,16,10,1,17,0,1,100.0,17.0,1.1
Chris Olave,NOR,WR,8,8,1,7,0,1,100.0,7.0,0.9
Cade Otton,TAM,TE,14,14,1,-4,0,0,0.0,-4.0,-0.3
Dell Pettus,NWE,S,16,1,1,2,0,1,100.0,2.0,0.1
Ja'Lynn Polk,NWE,WR,15,7,1,0,0,0,0.0,0.0,0.0
Jalen Reeves-Maybin,DET,LB,9,0,1,1,0,0,0.0,1.0,0.1
Rashee Rice,KAN,WR,4,4,1,1,0,1,100.0,1.0,0.3
Drew Sample,CIN,TE,16,14,1,-4,0,0,0.0,-4.0,-0.3
JK Scott,LAC,P,16,0,1,0,0,0,0.0,0.0,0.0
Laviska Shenault Jr.,SEA,WR,11,1,1,1,0,0,0.0,1.0,0.1
Steven Sims,HOU,WR,7,0,1,0,0,0,0.0,0.0,0.0
Ainias Smith,PHI,WR,6,1,1,2,0,0,0.0,2.0,0.3
DeVonta Smith,PHI,WR,13,13,1,1,0,0,0.0,1.0,0.1
Tavierre Thomas,TAM,CB,16,0,1,-2,0,0,0.0,-2.0,-0.1
Skylar Thompson,MIA,QB,3,1,1,4,0,0,0.0,4.0,1.3
Cedric Tillman,CLE,WR,11,6,1,-5,0,0,0.0,-5.0,-0.5
Marquez Valdes-Scantling,2TM,WR,13,7,1,4,0,0,0.0,4.0,0.3
Marquez Valdes-Scantling,BUF,WR,6,0,0,0,0,0,,,0.0
Marquez Valdes-Scantling,NOR,WR,7,7,1,4,0,0,0.0,4.0,0.6
Garrett Wilson,NYJ,WR,16,16,1,5,0,1,100.0,5.0,0.3
Michael Wilson,ARI,WR,16,13,1,7,0,0,0.0,7.0,0.4
Olamide Zaccheaus,WAS,WR,16,5,1,8,0,1,100.0,8.0,0.5
Davante Adams,2TM,WR,13,13,0,0,0,0,,,0.0
Davante Adams,LVR,WR,3,3,0,0,0,0,,,0.0
Davante Adams,NYJ,WR,10,10,0,0,0,0,,,0.0
Nate Adkins,DEN,TE,16,9,0,0,0,0,,,0.0
Nelson Agholor,BAL,WR,14,7,0,0,0,0,,,0.0
Brandon Aiyuk,SFO,WR,7,7,0,0,0,0,,,0.0
Jordan Akins,CLE,TE,16,5,0,0,0,0,,,0.0
Mo Alie-Cox,IND,TE,16,13,0,0,0,0,,,0.0
Erick All,CIN,TE,9,6,0,0,0,0,,,0.0
Davis Allen,LAR,TE,14,5,0,0,0,0,,,0.0
Keenan Allen,CHI,WR,14,14,0,0,0,0,,,0.0
Calvin Austin III,PIT,WR,16,7,0,0,0,0,,,0.0
Alex Bachman,LVR,WR,6,1,0,0,0,0,,,0.0
Javon Baker,NWE,WR,10,1,0,0,0,0,,,0.0
AJ Barner,SEA,TE,16,6,0,0,0,0,,,0.0
Rashod Bateman,BAL,WR,16,13,0,0,0,0,,,0.0
John Bates,WAS,TE,16,6,0,0,0,0,,,0.0
Andrew Beck,2TM,FB,4,0,0,0,0,0,,,0.0
Andrew Beck,GNB,FB,3,0,0,0,0,0,,,0.0
Andrew Beck,HOU,FB,1,0,0,0,0,0,,,0.0
Odell Beckham Jr.,MIA,WR,9,0,0,0,0,0,,,0.0
David Bell,CLE,WR,1,0,0,0,0,0,,,0.0
Jaheim Bell,NWE,TE,14,0,0,0,0,0,,,0.0
Ronnie Bell,SFO,WR,9,0,0,0,0,0,,,0.0
Daniel Bellinger,NYG,TE,16,7,0,0,0,0,,,0.0
Braxton Berrios,MIA,WR,6,0,0,0,0,0,,,0.0
Chris Blair,ATL,WR,3,0,0,0,0,0,,,0.0
Jake Bobo,SEA,WR,16,3,0,0,0,0,,,0.0
Kayshon Boutte,NWE,WR,14,12,0,0,0,0,,,0.0
Jake Brendel,SFO,OL,16,16,0,0,0,0,,,0.0
Jalen Brooks,DAL,WR,13,1,0,0,0,0,,,0.0
A.J. Brown,PHI,WR,13,13,0,0,0,0,,,0.0
Marquise Brown,KAN,WR,2,1,0,0,0,0,,,0.0
Noah Brown,WAS,WR,11,9,0,0,0,0,,,0.0
Pharaoh Brown,SEA,TE,14,7,0,0,0,0,,,0.0
Harrison Bryant,LVR,TE,12,2,0,0,0,0,,,0.0
Jermaine Burton,CIN,WR,14,1,0,0,0,0,,,0.0
Grant Calcaterra,PHI,TE,16,12,0,0,0,0,,,0.0
Mike Caliendo,KAN,OL,16,3,0,0,0,0,,,0.0
Parris Campbell,PHI,WR,5,0,0,0,0,0,,,0.0
DeAndre Carter,CHI,WR,13,0,0,0,0,0,,,0.0
DJ Chark,LAC,WR,6,0,0,0,0,0,,,0.0
Irvin Charles,NYJ,WR,13,0,0,0,0,0,,,0.0
Dan Chisena,CAR,WR,5,0,0,0,0,0,,,0.0
Robbie Chosen,MIA,WR,2,0,0,0,0,0,,,0.0
Jalen Coker,CAR,WR,10,3,0,0,0,0,,,0.0
Keon Coleman,BUF,WR,12,11,0,0,0,0,,,0.0
Nico Collins,HOU,WR,11,11,0,0,0,0,,,0.0
Chris Conley,SFO,WR,14,2,0,0,0,0,,,0.0
Tanner Conner,MIA,TE,8,1,0,0,0,0,,,0.0
Amari Cooper,2TM,WR,14,10,0,0,0,0,,,0.0
Amari Cooper,CLE,WR,6,6,0,0,0,0,,,0.0
Amari Cooper,BUF,WR,8,4,0,0,0,0,,,0.0
Britain Covey,PHI,WR,5,1,0,0,0,0,,,0.0
Jacob Cowing,SFO,WR,14,0,0,0,0,0,,,0.0
River Cracraft,MIA,WR,7,0,0,0,0,0,,,0.0
Jamison Crowder,WAS,WR,5,1,0,0,0,0,,,0.0
Devin Culp,TAM,TE,4,0,0,0,0,0,,,0.0
Baylor Cupp,KAN,TE,1,0,0,0,0,0,,,0.0
Jaelon Darden,CLE,WR,7,1,0,0,0,0,,,0.0
Zach Davidson,BUF,TE,2,0,0,0,0,0,,,0.0
Gabriel Davis,JAX,WR,10,9,0,0,0,0,,,0.0
Divine Deablo,LVR,LB,13,13,0,0,0,0,,,0.0
Taylor Decker,DET,T,13,13,0,0,0,0,,,0.0
Josiah Deguara,JAX,TE,14,0,0,0,0,0,,,0.0
Will Dissly,LAC,TE,14,7,0,0,0,0,,,0.0
Romeo Doubs,GNB,WR,13,12,0,0,0,0,,,0.0
Grant Dubose,MIA,WR,3,0,0,0,0,0,,,0.0
Greg Dulcich,DEN,TE,4,3,0,0,0,0,,,0.0
Payne Durham,TAM,TE,15,5,0,0,0,0,,,0.0
Ross Dwelley,ATL,TE,16,0,0,0,0,0,,,0.0
Evan Engram,JAX,TE,9,9,0,0,0,0,,,0.0
Zach Ertz,WAS,TE,16,16,0,0,0,0,,,0.0
D'Wayne Eskridge,MIA,WR,6,0,0,0,0,0,,,0.0
Mike Evans,TAM,WR,13,13,0,0,0,0,,,0.0
Gerald Everett,CHI,TE,16,4,0,0,0,0,,,0.0
Erik Ezukanma,MIA,WR,2,0,0,0,0,0,,,0.0
Noah Fant,SEA,TE,13,8,0,0,0,0,,,0.0
Luke Farrell,JAX,TE,16,7,0,0,0,0,,,0.0
Simi Fehoko,LAC,WR,8,2,0,0,0,0,,,0.0
Jake Ferguson,DAL,TE,13,13,0,0,0,0,,,0.0
Tucker Fisk,LAC,TE,8,5,0,0,0,0,,,0.0
John FitzPatrick,GNB,TE,8,0,0,0,0,0,,,0.0
Ryan Flournoy,DAL,WR,10,1,0,0,0,0,,,0.0
Jody Fortson,KAN,TE,3,0,0,0,0,0,,,0.0
Sam Franklin,CAR,S,9,0,0,0,0,0,,,0.0
Feleipe Franks,CAR,TE,15,0,0,0,0,0,,,0.0
Zach Frazier,PIT,C,14,14,0,0,0,0,,,0.0
Pat Freiermuth,PIT,TE,16,10,0,0,0,0,,,0.0
Mike Gesicki,CIN,TE,16,3,0,0,0,0,,,0.0
Xavier Gipson,NYJ,WR,16,0,0,0,0,0,,,0.0
Dallas Goedert,PHI,TE,9,9,0,0,0,0,,,0.0
C.J. Goodwin,DAL,CB,16,0,0,0,0,0,,,0.0
Anthony Gould,IND,WR,7,0,0,0,0,0,,,0.0
Cam Grandy,CIN,TE,7,5,0,0,0,0,,,0.0
Kylen Granson,IND,TE,16,6,0,0,0,0,,,0.0
Noah Gray,KAN,TE,16,10,0,0,0,0,,,0.0
Marvin Harrison Jr.,ARI,WR,16,15,0,0,0,0,,,0.0
Malik Heath,GNB,WR,12,1,0,0,0,0,,,0.0
Peyton Hendershot,KAN,TE,6,0,0,0,0,0,,,0.0
Hunter Henry,NWE,TE,16,16,0,0,0,0,,,0.0
Connor Heyward,PIT,TE,16,5,0,0,0,0,,,0.0
Tyler Higbee,LAR,TE,2,2,0,0,0,0,,,0.0
Elijah Higgins,ARI,TE,16,5,0,0,0,0,,,0.0
Tee Higgins,CIN,WR,11,8,0,0,0,0,,,0.0
Julian Hill,MIA,TE,15,11,0,0,0,0,,,0.0
T.J. Hockenson,MIN,TE,9,8,0,0,0,0,,,0.0
KhaDarel Hodge,ATL,WR,16,1,0,0,0,0,,,0.0
Isaiah Hodgins,NYG,WR,3,0,0,0,0,0,,,0.0
Dallin Holker,NOR,TE,11,2,0,0,0,0,,,0.0
Mack Hollins,BUF,WR,16,12,0,0,0,0,,,0.0
Austin Hooper,NWE,TE,16,7,0,0,0,0,,,0.0
DeAndre Hopkins,2TM,WR,16,8,0,0,0,0,,,0.0
DeAndre Hopkins,TEN,WR,6,3,0,0,0,0,,,0.0
DeAndre Hopkins,KAN,WR,10,5,0,0,0,0,,,0.0
Sam Hubbard,CIN,DE,14,14,0,0,0,0,,,0.0
Lil'Jordan Humphrey,DEN,WR,16,6,0,0,0,0,,,0.0
Hayden Hurst,LAC,TE,8,2,0,0,0,0,,,0.0
Xavier Hutchinson,HOU,WR,15,3,0,0,0,0,,,0.0
Jalin Hyatt,NYG,WR,15,3,0,0,0,0,,,0.0
Andrei Iosivas,CIN,WR,16,8,0,0,0,0,,,0.0
Trenton Irwin,CIN,WR,7,2,0,0,0,0,,,0.0
Rakim Jarrett,TAM,WR,9,2,0,0,0,0,,,0.0
Van Jefferson,PIT,WR,16,11,0,0,0,0,,,0.0
E.J. Jenkins,PHI,TE,7,0,0,0,0,0,,,0.0
Jauan Jennings,SFO,WR,14,9,0,0,0,0,,,0.0
Jerry Jeudy,CLE,WR,16,15,0,0,0,0,,,0.0
Brandon Johnson,PIT,WR,3,0,0,0,0,0,,,0.0
Collin Johnson,CHI,WR,8,0,0,0,0,0,,,0.0
Juwan Johnson,NOR,TE,16,4,0,0,0,0,,,0.0
Theo Johnson,NYG,TE,12,11,0,0,0,0,,,0.0
Tyler Johnson,LAR,WR,14,2,0,0,0,0,,,0.0
Charlie Jones,CIN,WR,8,0,0,0,0,0,,,0.0
Tim Jones,JAX,WR,16,0,0,0,0,0,,,0.0
Zay Jones,ARI,WR,10,1,0,0,0,0,,,0.0
Brevin Jordan,HOU,TE,2,1,0,0,0,0,,,0.0
Tom Kennedy,DET,WR,4,0,0,0,0,0,,,0.0
Ramel Keyton,LVR,WR,7,0,0,0,0,0,,,0.0
Dalton Kincaid,BUF,TE,13,9,0,0,0,0,,,0.0
Mason Kinsey,TEN,WR,5,0,0,0,0,0,,,0.0
Christian Kirk,JAX,WR,8,7,0,0,0,0,,,0.0
George Kittle,SFO,TE,14,14,0,0,0,0,,,0.0
Cole Kmet,CHI,TE,16,15,0,0,0,0,,,0.0
Dawson Knox,BUF,TE,16,13,0,0,0,0,,,0.0
Lucas Krull,DEN,TE,12,2,0,0,0,0,,,0.0
Sam LaPorta,DET,TE,15,15,0,0,0,0,,,0.0
JC Latham,TEN,OT,16,16,0,0,0,0,,,0.0
Allen Lazard,NYJ,WR,11,9,0,0,0,0,,,0.0
Marcedes Lewis,CHI,TE,16,4,0,0,0,0,,,0.0
Isaiah Likely,BAL,TE,15,8,0,0,0,0,,,0.0
Tyler Lockett,SEA,WR,16,13,0,0,0,0,,,0.0
Hunter Long,LAR,TE,16,2,0,0,0,0,,,0.0
Vederian Lowe,NWE,T,13,12,0,0,0,0,,,0.0
Will Mallory,IND,TE,10,0,0,0,0,0,,,0.0
Chris Manhertz,NYG,TE,16,10,0,0,0,0,,,0.0
Terrace Marshall Jr.,LVR,WR,6,1,0,0,0,0,,,0.0
David Martin-Robinson,TEN,TE,4,1,0,0,0,0,,,0.0
Scott Matlock,LAC,DL,16,10,0,0,0,0,,,0.0
Jordan Matthews,CAR,TE,4,1,0,0,0,0,,,0.0
Michael Mayer,LVR,TE,10,7,0,0,0,0,,,0.0
Luke McCaffrey,WAS,WR,16,4,0,0,0,0,,,0.0
Ladd McConkey,LAC,WR,15,13,0,0,0,0,,,0.0
Bub Means,NOR,WR,7,1,0,0,0,0,,,0.0
D.K. Metcalf,SEA,WR,14,11,0,0,0,0,,,0.0
John Metchie,HOU,WR,12,2,0,0,0,0,,,0.0
Anthony Miller,BAL,WR,2,0,0,0,0,0,,,0.0
Ryan Miller,TAM,WR,10,3,0,0,0,0,,,0.0
Scott Miller,PIT,WR,13,1,0,0,0,0,,,0.0
Darnell Mooney,ATL,WR,16,16,0,0,0,0,,,0.0
Skyy Moore,KAN,WR,6,0,0,0,0,0,,,0.0
Foster Moreau,NOR,TE,16,16,0,0,0,0,,,0.0
Quintin Morris,BUF,TE,15,2,0,0,0,0,,,0.0
Wanya Morris,KAN,OL,16,10,0,0,0,0,,,0.0
Johnny Mundt,MIN,TE,16,3,0,0,0,0,,,0.0
Luke Musgrave,GNB,TE,6,2,0,0,0,0,,,0.0
David Njoku,CLE,TE,11,11,0,0,0,0,,,0.0
Andrew Ogletree,IND,TE,16,5,0,0,0,0,,,0.0
Bryce Oliver,TEN,WR,9,1,0,0,0,0,,,0.0
Josh Oliver,MIN,TE,14,11,0,0,0,0,,,0.0
K.J. Osborn,NWE,WR,7,4,0,0,0,0,,,0.0
Josh Palmer,LAC,WR,15,7,0,0,0,0,,,0.0
Trey Palmer,TAM,WR,14,3,0,0,0,0,,,0.0
Colby Parkinson,LAR,TE,16,9,0,0,0,0,,,0.0
Tim Patrick,DET,WR,15,8,0,0,0,0,,,0.0
Dante Pettis,NOR,WR,7,0,0,0,0,0,,,0.0
Alec Pierce,IND,WR,15,12,0,0,0,0,,,0.0
James Pierre,PIT,CB,14,2,0,0,0,0,,,0.0
Michael Pittman Jr.,IND,WR,15,13,0,0,0,0,,,0.0
Kyle Pitts,ATL,TE,16,15,0,0,0,0,,,0.0
Brandon Powell,MIN,WR,16,1,0,0,0,0,,,0.0
Adam Prentice,NOR,FB,16,7,0,0,0,0,,,0.0
James Proche,CLE,WR,8,0,0,0,0,0,,,0.0
MyCole Pruitt,PIT,TE,11,5,0,0,0,0,,,0.0
Kendric Pryor,CIN,WR,1,0,0,0,0,0,,,0.0
Dominick Puni,SFO,OL,16,16,0,0,0,0,,,0.0
Tip Reiman,ARI,TE,16,9,0,0,0,0,,,0.0
Josh Reynolds,2TM,WR,8,2,0,0,0,0,,,0.0
Josh Reynolds,DEN,WR,5,1,0,0,0,0,,,0.0
Josh Reynolds,JAX,WR,3,1,0,0,0,0,,,0.0
Patrick Ricard,BAL,FB,16,6,0,0,0,0,,,0.0
Allen Robinson,DET,WR,12,0,0,0,0,0,,,0.0
Demarcus Robinson,LAR,WR,16,16,0,0,0,0,,,0.0
John Ross,PHI,WR,1,0,0,0,0,0,,,0.0
Justyn Ross,KAN,WR,2,0,0,0,0,0,,,0.0
Jeremy Ruckert,NYJ,TE,16,9,0,0,0,0,,,0.0
Ja'Tavion Sanders,CAR,TE,15,8,0,0,0,0,,,0.0
Eric Saubert,SFO,TE,16,3,0,0,0,0,,,0.0
Luke Schoonmaker,DAL,TE,16,6,0,0,0,0,,,0.0
Dalton Schultz,HOU,TE,16,12,0,0,0,0,,,0.0
Trenton Scott,WAS,T,16,1,0,0,0,0,,,0.0
Tyler Scott,CHI,WR,10,0,0,0,0,0,,,0.0
Tyrell Shavers,BUF,WR,3,0,0,0,0,0,,,0.0
John Samuel Shenker,LVR,TE,7,0,0,0,0,0,,,0.0
Trent Sherfield,MIN,WR,16,1,0,0,0,0,,,0.0
Ben Sims,GNB,TE,16,5,0,0,0,0,,,0.0
Ben Sinnott,WAS,TE,16,2,0,0,0,0,,,0.0
Dan Skipper,DET,T,16,5,0,0,0,0,,,0.0
Ben Skowronek,PIT,WR,9,1,0,0,0,0,,,0.0
Stone Smartt,LAC,TE,14,2,0,0,0,0,,,0.0
Tyler Smith,DAL,OL,15,15,0,0,0,0,,,0.0
JuJu Smith-Schuster,KAN,WR,13,7,0,0,0,0,,,0.0
Durham Smythe,MIA,TE,16,4,0,0,0,0,,,0.0
Brevyn Spann-Ford,DAL,TE,16,0,0,0,0,0,,,0.0
Jack Stoll,PHI,TE,7,2,0,0,0,0,,,0.0
Cade Stover,HOU,TE,14,9,0,0,0,0,,,0.0
Brenton Strange,JAX,TE,16,9,0,0,0,0,,,0.0
Stephen Sullivan,CAR,TE,1,0,0,0,0,0,,,0.0
Courtland Sutton,DEN,WR,16,12,0,0,0,0,,,0.0
Geoff Swaim,CLE,TE,8,2,0,0,0,0,,,0.0
Adam Thielen,CAR,WR,9,9,0,0,0,0,,,0.0
Ian Thomas,CAR,TE,5,2,0,0,0,0,,,0.0
Juanyeh Thomas,DAL,S,12,0,0,0,0,0,,,0.0
Tyquan Thornton,NWE,WR,6,1,0,0,0,0,,,0.0
Jamari Thrash,CLE,WR,8,0,0,0,0,0,,,0.0
Mason Tipton,NOR,WR,11,1,0,0,0,0,,,0.0
Jalen Tolbert,DAL,WR,16,14,0,0,0,0,,,0.0
Eric Tomlinson,LAC,TE,9,1,0,0,0,0,,,0.0
Austin Trammell,JAX,WR,1,0,0,0,0,0,,,0.0
Adam Trautman,DEN,TE,16,13,0,0,0,0,,,0.0
Brycen Tremayne,WAS,WR,2,0,0,0,0,0,,,0.0
Tommy Tremble,CAR,TE,11,10,0,0,0,0,,,0.0
Nick Vannett,TEN,TE,16,10,0,0,0,0,,,0.0
Ben VanSumeren,PHI,LB,11,1,0,0,0,0,,,0.0
Devaughn Vele,DEN,WR,12,7,0,0,0,0,,,0.0
Devontez Walker,BAL,WR,8,0,0,0,0,0,,,0.0
Tylan Wallace,BAL,WR,16,0,0,0,0,0,,,0.0
Casey Washington,ATL,WR,8,0,0,0,0,0,,,0.0
Darnell Washington,PIT,TE,16,9,0,0,0,0,,,0.0
Parker Washington,JAX,WR,16,6,0,0,0,0,,,0.0
Justin Watson,KAN,WR,16,6,0,0,0,0,,,0.0
Xavier Weaver,ARI,WR,1,0,0,0,0,0,,,0.0
Nick Westbrook-Ikhine,TEN,WR,16,8,0,0,0,0,,,0.0
Cody White,SEA,WR,4,0,0,0,0,0,,,0.0
Blake Whiteheart,CLE,TE,10,1,0,0,0,0,,,0.0
Jordan Whittington,LAR,WR,14,2,0,0,0,0,,,0.0
Josh Whyle,TEN,TE,16,4,0,0,0,0,,,0.0
Dontayvion Wicks,GNB,WR,16,4,0,0,0,0,,,0.0
Jared Wiley,KAN,TE,7,2,0,0,0,0,,,0.0
Kristian Wilkerson,LVR,WR,3,0,0,0,0,0,,,0.0
Isaiah Williams,DET,WR,2,0,0,0,0,0,,,0.0
Mike Williams,2TM,WR,17,5,0,0,0,0,,,0.0
Mike Williams,NYJ,WR,9,3,0,0,0,0,,,0.0
Mike Williams,PIT,WR,8,2,0,0,0,0,,,0.0
Cedrick Wilson Jr.,NOR,WR,14,3,0,0,0,0,,,0.0
Johnny Wilson,PHI,WR,15,3,0,0,0,0,,,0.0
Tristan Wirfs,TAM,T,15,15,0,0,0,0,,,0.0
Charlie Woerner,ATL,TE,15,4,0,0,0,0,,,0.0
Michael Woods II,CLE,WR,5,2,0,0,0,0,,,0.0
Robert Woods,HOU,WR,14,3,0,0,0,0,,,0.0
Brock Wright,DET,TE,16,8,0,0,0,0,,,0.0
Kenny Yeboah,NYJ,TE,8,1,0,0,0,0,,,0.0
Dareke Young,SEA,WR,13,0,0,0,0,0,,,0.0
Shane Zylstra,DET,TE,11,1,0,0,0,0,,,0.0