Name,Position,Rushes,EPA/Rush,Total EPA,Rush Yards,Rush TD,Yards Per carry,Yards After Contact,TFL %,Explosive %,First Down %,Team,G,GS,1D,Y/G,Rush Yards AC,TFL Rush,Explosive Rush,First Down Rush
Saquon Barkley,RB,345,0.1,34.5,2005,13,5.81,2.58,8.7,11.3,21.2,PHI,16,16,82,125.3,890.1,30.01,38.98,73.14
Kyren Williams,RB,316,-0.07,-22.12,1299,14,4.11,2.35,8.5,6.6,26.6,LAR,16,16,85,81.2,742.6,26.86,20.86,84.06
Derrick Henry,RB,305,0.12,36.6,1783,14,5.85,3.39,7.5,12.5,29.2,BAL,16,16,89,111.4,1033.95,22.88,38.12,89.06
Josh Jacobs,RB,295,-0.06,-17.7,1285,14,4.36,2.79,9.5,8.8,22.0,GNB,16,16,68,80.3,823.05,28.02,25.96,64.9
Bijan Robinson,RB,276,0.01,2.76,1286,12,4.66,2.69,7.6,8.0,22.1,ATL,16,16,67,80.4,742.44,20.98,22.08,61.0
Jonathan Taylor,RB,269,-0.08,-21.52,1254,10,4.66,2.26,8.6,8.9,19.3,IND,13,12,59,96.5,607.94,23.13,23.94,51.92
Najee Harris,RB,251,-0.06,-15.06,1007,5,4.01,2.68,8.0,8.8,18.3,PIT,16,16,46,62.9,672.68,20.08,22.09,45.93
Chuba Hubbard,RB,250,0.04,10.0,1195,10,4.78,2.95,6.0,10.0,24.8,CAR,15,15,62,79.7,737.5,15.0,25.0,62.0
Aaron Jones,RB,245,-0.05,-12.25,1093,5,4.46,2.43,7.8,8.2,18.8,MIN,16,16,48,68.3,595.35,19.11,20.09,46.06
Joe Mixon,RB,240,-0.06,-14.4,993,11,4.14,2.57,14.6,8.8,21.0,HOU,13,13,50,76.4,616.8,35.04,21.12,50.4
Tony Pollard,RB,238,-0.09,-21.42,1017,5,4.27,2.76,9.2,9.7,21.0,TEN,15,15,50,67.8,656.88,21.9,23.09,49.98
James Conner,RB,236,0.02,4.72,1094,8,4.64,3.0,8.9,11.4,28.0,ARI,16,16,67,68.4,708.0,21.0,26.9,66.08
D'Andre Swift,RB,233,-0.15,-34.95,894,5,3.84,2.17,12.0,5.6,15.9,CHI,16,16,39,55.9,505.61,27.96,13.05,37.05
Chase Brown,RB,229,0.0,0.0,990,7,4.32,2.44,7.9,8.7,20.1,CIN,16,10,49,61.9,558.76,18.09,19.92,46.03
Alvin Kamara,RB,228,-0.08,-18.24,950,6,4.17,2.35,12.7,9.6,22.8,NOR,14,14,52,67.9,535.8,28.96,21.89,51.98
Jahmyr Gibbs,RB,227,0.13,29.51,1273,13,5.61,2.7,6.2,14.5,25.0,DET,16,3,62,79.6,612.9,14.07,32.92,56.75
Rico Dowdle,RB,213,-0.02,-4.26,1007,1,4.73,2.61,6.6,9.0,20.2,DAL,15,14,49,67.1,555.93,14.06,19.17,43.03
Rhamondre Stevenson,RB,207,-0.18,-37.26,801,7,3.87,2.69,9.2,9.2,19.3,NWE,15,14,40,53.4,556.83,19.04,19.04,39.95
Kareem Hunt,RB,200,0.01,2.0,728,7,3.64,2.11,5.5,4.5,21.0,KAN,13,8,42,56.0,422.0,11.0,9.0,42.0
James Cook,RB,197,0.06,11.82,981,15,4.98,2.51,9.1,10.2,22.0,BUF,15,15,46,65.4,494.47,17.93,20.09,43.34
Breece Hall,RB,197,-0.11,-21.67,819,5,4.16,2.62,9.1,9.1,16.8,NYJ,15,15,37,54.6,516.14,17.93,17.93,33.1
Bucky Irving,RB,188,0.08,15.04,1033,7,5.49,3.22,5.9,10.1,22.9,TAM,16,2,50,64.6,605.36,11.09,18.99,43.05
David Montgomery,RB,185,-0.04,-7.4,775,12,4.19,2.92,7.0,8.6,27.0,DET,14,14,50,55.4,540.2,12.95,15.91,49.95
J.K. Dobbins,RB,177,0.03,5.31,842,9,4.76,2.59,9.0,13.0,22.0,LAC,12,10,43,70.2,458.43,15.93,23.01,38.94
Tank Bigsby,RB,154,0.01,1.54,727,6,4.72,3.34,7.1,9.7,22.1,JAX,15,1,36,48.5,514.36,10.93,14.94,34.03
Jordan Mason,RB,153,-0.04,-6.12,789,3,5.16,3.32,9.8,13.7,24.2,SFO,12,6,37,65.8,507.96,14.99,20.96,37.03
Rachaad White,RB,144,-0.11,-15.84,613,3,4.26,2.63,11.1,7.6,22.2,TAM,15,15,35,40.9,378.72,15.98,10.94,31.97
Travis Etienne,RB,137,-0.14,-19.18,527,2,3.85,2.27,10.9,8.8,19.0,JAX,14,14,28,37.6,310.99,14.93,12.06,26.03
Javonte Williams,RB,134,-0.19,-25.46,485,4,3.62,2.41,12.7,7.5,20.9,DEN,16,11,28,30.3,322.94,17.02,10.05,28.01
Tyler Allgeier,RB,128,0.0,0.0,592,3,4.63,2.83,8.6,10.9,29.7,ATL,16,0,39,37.0,362.24,11.01,13.95,38.02
Alexander Mattison,RB,126,-0.2,-25.2,400,4,3.17,1.8,11.9,4.8,18.3,LVR,13,6,24,30.8,226.8,14.99,6.05,23.06
Zach Charbonnet,RB,121,-0.06,-7.26,510,8,4.21,2.84,9.1,9.9,22.3,SEA,16,5,30,31.9,343.64,11.01,11.98,26.98
Jaylen Warren,RB,114,-0.1,-11.4,490,1,4.3,2.86,10.5,10.5,24.6,PIT,14,0,28,35.0,326.04,11.97,11.97,28.04
Antonio Gibson,RB,108,-0.03,-3.24,497,1,4.6,3.26,9.3,8.3,18.5,NWE,16,2,23,31.1,352.08,10.04,8.96,19.98
Devin Singletary,RB,106,-0.11,-11.66,415,4,3.92,2.53,5.7,6.6,19.8,NYG,14,5,22,29.6,268.18,6.04,7.0,20.99
Jerome Ford,RB,104,0.07,7.28,565,3,5.43,3.13,8.7,10.6,23.1,CLE,14,6,25,40.4,325.52,9.05,11.02,24.02
Nick Chubb,RB,102,-0.2,-20.4,332,3,3.25,1.97,10.8,3.9,16.7,CLE,8,8,17,41.5,200.94,11.02,3.98,17.03
Gus Edwards,RB,101,-0.13,-13.13,365,4,3.61,2.63,5.9,3.0,16.8,LAC,11,6,17,33.2,265.63,5.96,3.03,16.97
Ray Davis,RB,98,0.0,0.0,378,3,3.86,2.52,8.2,8.2,22.4,BUF,16,0,22,23.6,246.96,8.04,8.04,21.95
Cam Akers,RB,98,-0.19,-18.62,379,2,3.87,2.32,16.3,14.3,19.4,2TM,16,2,20,23.7,227.36,15.97,14.01,19.01
Cam Akers,RB,98,-0.19,-18.62,379,2,3.87,2.32,16.3,14.3,19.4,HOU,5,2,5,29.4,227.36,15.97,14.01,19.01
Cam Akers,RB,98,-0.19,-18.62,379,2,3.87,2.32,16.3,14.3,19.4,MIN,11,0,15,21.1,227.36,15.97,14.01,19.01
Jaleel McLaughlin,RB,97,0.01,0.97,457,1,4.71,1.95,10.3,9.3,18.6,DEN,15,4,22,30.5,189.15,9.99,9.02,18.04
Emanuel Wilson,RB,89,0.05,4.45,429,3,4.82,2.6,5.6,10.1,23.6,GNB,16,0,22,26.8,231.4,4.98,8.99,21.0
Braelon Allen,RB,88,-0.07,-6.16,319,2,3.63,2.45,6.8,4.5,20.5,NYJ,16,2,20,19.9,215.6,5.98,3.96,18.04
Raheem Mostert,RB,85,-0.31,-26.35,278,2,3.27,2.29,12.9,10.6,15.3,MIA,12,1,13,23.2,194.65,10.96,9.01,13.0
Tyjae Spears,RB,84,-0.05,-4.2,312,4,3.71,1.98,9.5,3.6,15.5,TEN,12,1,19,26.0,166.32,7.98,3.02,13.02
Isiah Pacheco,RB,83,-0.16,-13.28,310,1,3.73,2.2,6.0,2.4,16.9,KAN,7,6,14,44.3,182.6,4.98,1.99,14.03
Isaac Guerendo,RB,82,0.08,6.56,415,4,5.06,2.3,7.3,8.5,18.3,SFO,15,2,18,27.7,188.6,5.99,6.97,15.01
Zack Moss,RB,74,-0.27,-19.98,242,2,3.27,2.24,8.1,5.4,17.6,CIN,8,6,13,30.3,165.76,5.99,4.0,13.02
Ezekiel Elliott,RB,74,-0.2,-14.8,226,3,3.05,2.08,6.8,1.4,18.9,DAL,15,2,14,15.1,153.92,5.03,1.04,13.99
Austin Ekeler,RB,74,0.06,4.44,355,4,4.8,1.85,8.1,6.8,24.3,WAS,11,6,18,32.3,136.9,5.99,5.03,17.98
Ameer Abdullah,RB,66,-0.19,-12.54,311,2,4.71,1.11,4.5,3.0,13.6,LVR,16,3,14,19.4,73.26,2.97,1.98,8.98
Zamir White,RB,65,-0.56,-36.4,183,1,2.82,2.11,6.2,3.1,6.2,LVR,8,5,4,22.9,137.15,4.03,2.02,4.03
Audric Estime,RB,64,-0.08,-5.12,276,1,4.31,2.91,6.3,6.3,15.6,DEN,12,1,12,23.0,186.24,4.03,4.03,9.98
Kenneth Gainwell,RB,64,-0.06,-3.84,276,1,4.31,2.45,3.1,15.6,18.8,PHI,16,0,12,17.3,156.8,1.98,9.98,12.03
Trey Benson,RB,63,-0.08,-5.04,291,1,4.62,3.05,6.3,9.5,25.4,ARI,13,1,16,22.4,192.15,3.97,5.98,16.0
Jaylen Wright,RB,62,-0.27,-16.74,253,0,4.08,2.85,19.4,11.3,16.1,MIA,14,1,10,18.1,176.7,12.03,7.01,9.98
D'Onta Foreman,RB,61,-0.29,-17.69,205,0,3.36,1.38,3.3,3.3,11.5,CLE,10,2,10,20.5,84.18,2.01,2.01,7.02
Ty Chandler,RB,56,-0.16,-8.96,182,0,3.25,1.55,7.1,5.4,14.3,MIN,16,0,9,11.4,86.8,3.98,3.02,8.01
Blake Corum,RB,56,-0.12,-6.72,197,0,3.52,2.3,5.4,3.6,21.4,LAR,16,0,12,12.3,128.8,3.02,2.02,11.98
Trey Sermon,RB,56,-0.2,-11.2,159,2,2.84,2.04,12.5,7.1,25.0,IND,16,3,14,9.9,114.24,7.0,3.98,14.0
Jeremy McNichols,RB,55,0.15,8.25,261,4,4.75,2.87,10.9,9.1,27.3,WAS,16,1,15,16.3,157.85,6.0,5.0,15.02
Roschon Johnson,RB,53,-0.02,-1.06,147,6,2.77,1.92,3.8,,30.2,CHI,13,0,17,11.3,101.76,2.01,0.0,16.01
Christian McCaffrey,RB,50,-0.06,-3.0,202,0,4.04,2.12,10.0,12.0,24.0,SFO,4,4,12,50.5,106.0,5.0,6.0,12.0
Sean Tucker,RB,48,0.17,8.16,292,2,6.08,2.19,2.1,14.6,29.2,TAM,16,0,16,18.3,105.12,1.01,7.01,14.02
Carson Steele,RB,48,-0.21,-10.08,158,0,3.29,2.1,8.3,,29.2,KAN,16,2,14,9.9,100.8,3.98,0.0,14.02
Justice Hill,RB,47,0.01,0.47,228,1,4.85,2.72,10.6,14.9,31.9,BAL,15,0,14,15.2,127.84,4.98,7.0,14.99
Kimani Vidal,RB,43,-0.2,-8.6,155,0,3.6,2.12,7.0,4.7,14.0,LAC,9,0,7,17.2,91.16,3.01,2.02,6.02
Deebo Samuel,RB,42,-0.23,-9.66,136,1,3.24,2.14,11.9,4.8,9.5,SFO,15,15,5,9.1,89.88,5.0,2.02,3.99
Jamaal Williams,RB,40,-0.22,-8.8,149,1,3.73,2.25,12.5,7.5,22.5,NOR,13,0,9,11.5,90.0,5.0,3.0,9.0
Sincere McCormick,RB,39,0.01,0.39,183,0,4.69,3.0,12.8,15.4,25.6,LVR,5,2,10,36.6,117.0,4.99,6.01,9.98
Kendre Miller,RB,39,-0.06,-2.34,148,1,3.79,2.97,17.9,10.3,28.2,NOR,6,2,11,24.7,115.83,6.98,4.02,11.0
Ty Johnson,RB,39,0.04,1.56,200,1,5.13,2.36,12.8,15.4,28.2,BUF,16,1,12,12.5,92.04,4.99,6.01,11.0
Taysom Hill,TE,39,0.61,23.79,278,6,7.13,3.49,2.6,10.3,46.2,NOR,8,8,18,34.8,136.11,1.01,4.02,18.02
Miles Sanders,RB,38,-0.19,-7.22,139,1,3.66,2.58,13.2,5.3,23.7,CAR,10,1,9,13.9,98.04,5.02,2.01,9.01
Chris Rodriguez,RB,35,0.18,6.3,173,2,4.94,2.83,2.9,8.6,22.9,WAS,8,0,10,21.6,99.05,1.01,3.01,8.01
Tyler Goodson,RB,32,0.08,2.56,153,1,4.78,1.78,9.4,9.4,18.8,IND,15,0,6,10.2,56.96,3.01,3.01,6.02
Cordarrelle Patterson,RB,31,-0.24,-7.44,134,0,4.32,3.55,9.7,16.1,22.6,PIT,12,1,7,11.2,110.05,3.01,4.99,7.01
D'Ernest Johnson,RB,30,0.01,0.3,117,0,3.9,2.77,10.0,6.7,20.0,JAX,13,1,6,9.0,83.1,3.0,2.01,6.0
Dare Ogunbowale,RB,28,-0.19,-5.32,115,0,4.11,2.21,17.9,7.1,17.9,HOU,16,1,5,7.2,61.88,5.01,1.99,5.01
Isaiah Davis,RB,26,-0.02,-0.52,133,1,5.12,2.23,7.7,11.5,23.1,NYJ,16,0,9,8.3,57.98,2.0,2.99,6.01
Pierre Strong,RB,26,-0.1,-2.6,108,0,4.15,1.23,3.8,3.8,15.4,CLE,14,0,6,7.7,31.98,0.99,0.99,4.0
Kenny McIntosh,RB,24,-0.09,-2.16,123,0,5.13,2.04,,4.2,20.8,SEA,16,0,6,7.7,48.96,0.0,1.01,4.99
Emari Demercado,RB,24,0.52,12.48,223,1,9.29,7.0,4.2,25.0,33.3,ARI,13,0,8,17.2,168.0,1.01,6.0,7.99
Craig Reynolds,RB,23,-0.09,-2.07,100,0,4.35,1.83,8.7,8.7,17.4,DET,16,0,5,6.3,42.09,2.0,2.0,4.0
Hassan Haskins,RB,22,-0.26,-5.72,56,1,2.55,1.0,,,27.3,LAC,16,0,8,3.5,22.0,0.0,0.0,6.01
Patrick Taylor,RB,22,-0.02,-0.44,74,1,3.36,1.77,,,13.6,SFO,12,1,3,6.2,38.94,0.0,0.0,2.99
Dameon Pierce,RB,21,0.02,0.42,117,1,5.57,5.14,,9.5,9.5,HOU,10,0,2,11.7,107.94,0.0,2.0,2.0
Jamycal Hasty,RB,20,-0.05,-1.0,69,0,3.45,2.45,10.0,5.0,20.0,NWE,15,0,4,4.6,49.0,2.0,1.0,4.0
Julius Chestnut,RB,20,-0.24,-4.8,91,0,4.55,2.45,10.0,5.0,5.0,TEN,16,0,1,5.7,49.0,2.0,1.0,1.0
Will Shipley,RB,20,-0.25,-5.0,50,0,2.5,2.7,5.0,,5.0,PHI,15,1,1,3.3,54.0,1.0,0.0,1.0
Xavier Worthy,WR,20,0.15,3.0,104,3,5.2,2.55,5.0,10.0,20.0,KAN,16,13,4,6.5,51.0,1.0,2.0,4.0
Samaje Perine,RB,19,-0.01,-0.19,91,1,4.79,1.95,,10.5,36.8,KAN,16,0,7,5.7,37.05,0.0,2.0,6.99
Michael Carter,RB,18,0.05,0.9,88,0,4.89,0.83,,,5.6,ARI,2,0,6,44.0,14.94,0.0,0.0,1.01
Jordan Mims,RB,18,-0.27,-4.86,58,0,3.22,2.06,11.1,,5.6,NOR,10,0,1,5.8,37.08,2.0,0.0,1.01
Jayden Reed,WR,17,0.38,6.46,160,1,9.41,3.47,5.9,41.2,41.2,GNB,16,10,7,10.0,58.99,1.0,7.0,7.0
Khalil Herbert,RB,16,0.23,3.68,61,1,3.81,1.5,,6.3,25.0,2TM,13,0,5,4.7,24.0,0.0,1.01,4.0
Khalil Herbert,RB,16,0.23,3.68,61,1,3.81,1.5,,6.3,25.0,CHI,6,0,3,2.7,24.0,0.0,1.01,4.0
Khalil Herbert,RB,16,0.23,3.68,61,1,3.81,1.5,,6.3,25.0,CIN,7,0,2,6.4,24.0,0.0,1.01,4.0
CeeDee Lamb,WR,14,-0.27,-3.78,70,0,5.0,2.29,21.4,21.4,28.6,DAL,15,15,4,4.7,32.06,3.0,3.0,4.0
Eric Gray,RB,13,-1.25,-16.25,25,0,1.92,1.54,7.7,,7.7,NYG,16,0,1,1.6,20.02,1.0,0.0,1.0
Marvin Mims,RB,13,-0.13,-1.69,42,0,3.23,2.46,23.1,15.4,23.1,DEN,16,2,3,2.6,31.98,3.0,2.0,3.0
Jase McClellan,RB,13,-0.55,-7.15,32,0,2.46,2.31,15.4,,15.4,ATL,2,0,2,16.0,30.03,2.0,0.0,2.0
D.J. Moore,WR,13,0.13,1.69,70,0,5.38,1.77,15.4,15.4,23.1,CHI,16,16,3,4.4,23.01,2.0,2.0,3.0
Tyler Badie,RB,11,0.18,1.98,86,0,7.82,5.36,9.1,18.2,36.4,DEN,3,0,4,28.7,58.96,1.0,2.0,4.0
Raheem Blackshear,RB,11,0.0,0.0,33,0,3.0,0.64,,,,CAR,15,1,0,2.2,7.04,0.0,0.0,0.0
Deuce Vaughn,RB,11,-0.51,-5.61,33,0,3.0,1.82,,,,DAL,6,0,0,5.5,20.02,0.0,0.0,0.0
Keaton Mitchell,RB,11,-0.38,-4.18,20,0,1.82,1.36,27.3,,18.2,BAL,4,0,2,5.0,14.96,3.0,0.0,2.0
Jameson Williams,WR,11,0.16,1.76,61,1,5.55,2.45,9.1,36.4,36.4,DET,14,10,5,4.4,26.95,1.0,4.0,4.0
Derius Davis,WR,11,-0.22,-2.42,40,0,3.64,1.73,9.1,,18.2,LAC,14,2,2,2.9,19.03,1.0,0.0,2.0
Puka Nacua,WR,11,0.2,2.2,46,1,4.18,2.45,18.2,,18.2,LAR,11,11,2,4.2,26.95,2.0,0.0,2.0
Rasheen Ali,RB,10,-0.12,-1.2,31,0,3.1,2.9,10.0,,20.0,BAL,5,0,2,6.2,29.0,1.0,0.0,2.0
J.J. Taylor,RB,10,0.0,0.0,44,0,4.4,3.1,,,10.0,HOU,5,0,1,8.8,31.0,0.0,0.0,1.0
Ronnie Rivers,RB,10,0.48,4.8,51,0,5.1,2.8,20.0,20.0,50.0,LAR,16,0,5,3.2,28.0,2.0,2.0,5.0
Ray-Ray McCloud,WR,10,0.09,0.9,79,0,7.9,2.9,10.0,20.0,20.0,ATL,16,12,3,4.9,29.0,1.0,2.0,2.0
Alec Ingold,FB,10,-1.02,-10.2,17,1,1.7,1.8,20.0,,60.0,MIA,14,9,6,1.2,18.0,2.0,0.0,6.0
Mike Boone,RB,9,-0.27,-2.43,33,0,3.67,1.11,,,11.1,CAR,5,0,2,6.6,9.99,0.0,0.0,1.0
Jonathon Brooks,RB,9,-0.31,-2.79,22,0,2.44,2.22,11.1,,,CAR,3,1,0,7.3,19.98,1.0,0.0,0.0
Tre Tucker,WR,9,0.31,2.79,44,1,4.89,1.11,11.1,22.2,33.3,LVR,16,14,3,2.8,9.99,1.0,2.0,3.0
Tank Dell,WR,9,-0.25,-2.25,43,0,4.78,3.44,33.3,33.3,33.3,HOU,14,10,3,3.1,30.96,3.0,3.0,3.0
Hunter Luepke,FB,9,-0.18,-1.62,23,0,2.56,2.33,,,44.4,DAL,15,3,4,1.5,20.97,0.0,0.0,4.0
Dalvin Cook,RB,8,-0.33,-2.64,20,0,2.5,1.63,,,,DAL,2,0,0,10.0,13.04,0.0,0.0,0.0
DeeJay Dallas,RB,8,-0.35,-2.8,27,0,3.38,2.0,,,37.5,ARI,16,0,3,1.7,16.0,0.0,0.0,3.0
Zay Flowers,WR,8,0.15,1.2,47,0,5.88,3.13,12.5,12.5,12.5,BAL,16,14,1,2.9,25.04,1.0,1.0,1.0
Tyreek Hill,WR,8,-0.15,-1.2,53,0,6.63,1.13,,25.0,25.0,MIA,16,16,2,3.3,9.04,0.0,2.0,2.0
Sterling Shepard,WR,8,0.34,2.72,69,0,8.63,3.0,12.5,37.5,50.0,TAM,13,4,4,5.3,24.0,1.0,3.0,4.0
Bo Melton,WR,7,0.21,1.47,53,0,7.57,3.43,28.6,57.1,57.1,GNB,16,0,4,3.3,24.01,2.0,4.0,4.0
MarShawn Lloyd,RB,6,-0.3,-1.8,15,0,2.5,1.5,,,,GNB,1,0,0,15.0,9.0,0.0,0.0,0.0
Jermar Jefferson,RB,6,-0.06,-0.36,22,0,3.67,1.17,,,16.7,DET,2,0,1,11.0,7.02,0.0,0.0,1.0
Sione Vaki,RB,6,-0.53,-3.18,14,0,2.33,1.83,33.3,,,DET,15,0,0,0.9,10.98,2.0,0.0,0.0
Travis Homer,RB,6,0.02,0.12,23,0,3.83,2.17,,,33.3,CHI,10,0,2,2.3,13.02,0.0,0.0,2.0
Aaron Shampklin,RB,6,-0.4,-2.4,17,0,2.83,2.0,16.7,,16.7,PIT,3,0,1,5.7,12.0,1.0,0.0,1.0
Rashid Shaheed,WR,6,0.2,1.2,29,0,4.83,1.17,,16.7,33.3,NOR,6,5,2,4.8,7.02,0.0,1.0,2.0
Xavier Legette,WR,6,-0.1,-0.6,24,0,4.0,2.33,,,33.3,CAR,15,12,2,1.6,13.98,0.0,0.0,2.0
Calvin Ridley,WR,6,-0.16,-0.96,58,1,9.67,1.17,,16.7,50.0,TEN,16,13,3,3.6,7.02,0.0,1.0,3.0
Brian Thomas,WR,6,0.14,0.84,48,0,8.0,1.67,,33.3,33.3,JAX,16,15,3,3.0,10.02,0.0,2.0,2.0
Michael Burton,FB,6,-0.21,-1.26,5,1,0.83,0.83,16.7,,50.0,DEN,16,2,3,0.3,4.98,1.0,0.0,3.0
Terrell Jennings,RB,5,-0.25,-1.25,13,0,2.6,2.4,20.0,,,NWE,2,0,0,6.5,12.0,1.0,0.0,0.0
Jonathan Ward,RB,5,0.04,0.2,22,0,4.4,3.4,,,20.0,PIT,4,0,1,5.5,17.0,0.0,0.0,1.0
Brock Bowers,TE,5,-0.01,-0.05,13,0,2.6,3.6,20.0,20.0,40.0,LVR,16,15,2,0.8,18.0,1.0,1.0,2.0
Ashton Dulin,WR,5,0.61,3.05,45,0,9.0,4.2,,40.0,40.0,IND,14,2,2,3.2,21.0,0.0,2.0,2.0
Malik Nabers,WR,5,-0.11,-0.55,2,0,0.4,1.4,40.0,,20.0,NYG,14,12,1,0.1,7.0,2.0,0.0,1.0
Curtis Samuel,WR,5,-0.38,-1.9,14,0,2.8,1.0,20.0,,,BUF,13,1,0,1.1,5.0,1.0,0.0,0.0
Malik Washington,WR,5,0.45,2.25,25,1,5.0,3.6,,20.0,20.0,MIA,13,3,1,1.9,18.0,0.0,1.0,1.0
Mecole Hardman,WR,5,1.13,5.65,62,1,12.4,3.6,,40.0,40.0,KAN,12,0,2,5.2,18.0,0.0,2.0,2.0
Kyle Juszczyk,FB,5,-1.46,-7.3,26,1,5.2,3.4,20.0,20.0,20.0,SFO,16,14,1,1.6,17.0,1.0,1.0,1.0
Blake Watson,RB,4,-0.04,-0.16,10,0,2.5,1.75,25.0,,50.0,DEN,2,0,2,5.0,7.0,1.0,0.0,2.0
Christian Watson,WR,4,0.13,0.52,23,0,5.75,1.5,25.0,25.0,25.0,GNB,14,14,1,1.6,6.0,1.0,1.0,1.0
Jaxon Smith-Njigba,WR,4,0.13,0.52,22,0,5.5,4.5,,,25.0,SEA,16,15,1,1.4,18.0,0.0,0.0,1.0
Devin Duvernay,WR,4,-0.27,-1.08,3,0,0.75,3.75,25.0,,25.0,JAX,12,1,1,0.3,15.0,1.0,0.0,1.0
Greg Dortch,WR,4,0.49,1.96,24,0,6.0,1.5,,,25.0,ARI,16,4,1,1.5,6.0,0.0,0.0,1.0
Adonai Mitchell,WR,4,-2.2,-8.8,6,0,1.5,1.5,25.0,,25.0,IND,16,7,1,0.4,6.0,1.0,0.0,1.0
Darrynton Evans,RB,3,-0.43,-1.29,3,0,1.0,1.33,33.3,,,CHI,4,0,0,0.8,3.99,1.0,0.0,0.0
George Holani,RB,3,-0.26,-0.78,10,0,3.33,1.33,33.3,,33.3,SEA,4,0,1,2.5,3.99,1.0,0.0,1.0
Chris Collier,RB,3,,,6,0,2.0,,,,,LVR,2,0,0,3.0,,0.0,0.0,0.0
Myles Gaskin,RB,3,-0.75,-2.25,-1,0,-0.33,1.33,33.3,,,MIN,5,0,0,-0.2,3.99,1.0,0.0,0.0
Tucker Kraft,TE,3,1.09,3.27,6,0,2.0,0.67,,,100.0,GNB,16,16,3,0.4,2.01,0.0,0.0,3.0
Mark Andrews,TE,3,1.52,4.56,5,0,1.67,1.0,,,100.0,BAL,16,12,3,0.3,3.0,0.0,0.0,3.0
Demario Douglas,WR,3,0.25,0.75,16,0,5.33,3.0,,,,NWE,16,7,0,1.0,9.0,0.0,0.0,0.0
Jordan Addison,WR,3,0.91,2.73,20,1,6.67,3.67,,,33.3,MIN,14,14,1,1.4,11.01,0.0,0.0,1.0
Jalen Nailor,WR,3,-1.02,-3.06,-4,0,-1.33,2.0,33.3,,33.3,MIN,16,7,1,-0.3,6.0,1.0,0.0,1.0
Jaylen Waddle,WR,3,-0.28,-0.84,6,0,2.0,0.67,33.3,,,MIA,14,14,0,0.4,2.01,1.0,0.0,0.0
Jalen Reagor,WR,3,-0.78,-2.34,-3,0,-1.0,1.0,66.7,,,LAC,8,2,0,-0.4,3.0,2.0,0.0,0.0
Rome Odunze,WR,3,0.19,0.57,15,0,5.0,5.67,,,33.3,CHI,16,11,1,0.9,17.01,0.0,0.0,1.0
Quentin Johnston,WR,3,-0.27,-0.81,6,0,2.0,2.67,,,,LAC,14,10,0,0.4,8.01,0.0,0.0,0.0
Ricky Pearsall,WR,3,0.98,2.94,45,0,15.0,0.33,,33.3,33.3,SFO,10,3,1,4.5,0.99,0.0,1.0,1.0
Stefon Diggs,WR,3,0.21,0.63,8,1,2.67,1.0,33.3,,33.3,HOU,8,8,1,1.0,3.0,1.0,0.0,1.0
Wan'Dale Robinson,WR,3,-0.89,-2.67,18,0,6.0,6.67,,33.3,33.3,NYG,16,7,1,1.1,20.01,0.0,1.0,1.0
Jalen McMillan,WR,3,1.15,3.45,37,0,12.33,3.67,,66.7,66.7,TAM,12,11,3,3.1,11.01,0.0,2.0,2.0
Ja'Marr Chase,WR,3,0.67,2.01,32,0,10.67,2.33,,66.7,66.7,CIN,16,15,2,2.0,6.99,0.0,2.0,2.0
Tyreik McAllister,RB,2,-0.01,-0.02,11,0,5.5,3.0,,,50.0,LVR,3,0,1,3.7,6.0,0.0,0.0,1.0
Ke'Shawn Vaughn,RB,2,-0.32,-0.64,4,0,2.0,1.0,,,,SFO,3,0,0,1.3,2.0,0.0,0.0,0.0
Jonnu Smith,TE,2,-0.82,-1.64,-1,0,-0.5,3.0,50.0,,,MIA,16,5,0,-0.1,6.0,1.0,0.0,0.0
Tutu Atwell,WR,2,-0.43,-0.86,7,0,3.5,1.0,,,,LAR,16,4,0,0.4,2.0,0.0,0.0,0.0
Jonathan Mingo,WR,2,-2.66,-5.32,5,0,2.5,0.5,,,,2TM,16,6,0,0.3,1.0,0.0,0.0,0.0
Jonathan Mingo,WR,2,-2.66,-5.32,5,0,2.5,0.5,,,,CAR,9,5,0,0.6,1.0,0.0,0.0,0.0
Jonathan Mingo,WR,2,-2.66,-5.32,5,0,2.5,0.5,,,,DAL,7,1,0,0.0,1.0,0.0,0.0,0.0
Treylon Burks,WR,2,-0.47,-0.94,1,0,0.5,5.5,50.0,,,TEN,5,2,0,0.2,11.0,1.0,0.0,0.0
Khalil Shakir,WR,2,-0.49,-0.98,4,0,2.0,0.5,,,,BUF,15,9,0,0.3,1.0,0.0,0.0,0.0
Xavier Smith,WR,2,0.89,1.78,30,0,15.0,2.0,,50.0,50.0,LAR,14,0,1,2.1,4.0,0.0,1.0,1.0
Jakobi Meyers,WR,2,0.71,1.42,23,0,11.5,8.0,,50.0,50.0,LVR,14,14,1,1.6,16.0,0.0,1.0,1.0
Malachi Corley,WR,2,-2.22,-4.44,26,0,13.0,1.0,,50.0,50.0,NYJ,9,1,1,2.9,2.0,0.0,1.0,1.0
Kameron Johnson,WR,2,-0.23,-0.46,11,0,5.5,0.5,,,,TAM,5,0,1,2.2,1.0,0.0,0.0,0.0
Darius Slayton,WR,2,0.91,1.82,17,0,8.5,2.5,,50.0,50.0,NYG,15,12,1,1.1,5.0,0.0,1.0,1.0
Dyami Brown,WR,2,0.43,0.86,18,0,9.0,3.5,,50.0,50.0,WAS,15,2,1,1.2,7.0,0.0,1.0,1.0
Terry McLaurin,WR,2,-3.09,-6.18,2,0,1.0,1.0,,,,WAS,16,16,0,0.1,2.0,0.0,0.0,0.0
Cooper Kupp,WR,2,0.11,0.22,10,0,5.0,0.5,,,50.0,LAR,12,11,1,0.8,1.0,0.0,0.0,1.0
Deven Thompkins,WR,2,-0.07,-0.14,7,0,3.5,2.5,50.0,,,CAR,7,0,0,1.0,5.0,1.0,0.0,0.0
Amon-Ra St. Brown,WR,2,-0.32,-0.64,6,0,3.0,1.0,50.0,,50.0,DET,16,16,1,0.4,2.0,1.0,0.0,1.0
George Pickens,WR,2,-0.9,-1.8,-6,0,-3.0,4.0,50.0,,,PIT,13,11,0,-0.5,8.0,1.0,0.0,0.0
Diontae Johnson,WR,2,1.02,2.04,6,0,3.0,0.5,,,50.0,2TM,11,8,1,0.5,1.0,0.0,0.0,1.0
Diontae Johnson,WR,2,1.02,2.04,6,0,3.0,0.5,,,50.0,CAR,7,7,1,0.9,1.0,0.0,0.0,1.0
Diontae Johnson,WR,2,1.02,2.04,6,0,3.0,0.5,,,50.0,BAL,4,1,0,0.0,1.0,0.0,0.0,1.0
Brandin Cooks,WR,2,-0.83,-1.66,2,0,1.0,3.0,50.0,,,DAL,9,8,0,0.2,6.0,1.0,0.0,0.0
Troy Franklin,WR,2,-0.13,-0.26,8,0,4.0,1.0,,,,DEN,15,6,0,0.5,2.0,0.0,0.0,0.0
Kalif Raymond,WR,2,-0.49,-0.98,0,0,0.0,1.5,50.0,50.0,50.0,DET,11,2,1,0.0,3.0,1.0,1.0,1.0
Kadarius Toney,WR,2,-0.8,-1.6,-4,0,-2.0,0.5,50.0,,,CLE,3,0,0,-1.3,1.0,1.0,0.0,0.0
Reggie Gilliam,FB,2,0.0,0.0,3,0,1.5,0.0,,,,BUF,14,0,0,0.2,0.0,0.0,0.0,0.0
C.J. Ham,FB,2,0.73,1.46,10,1,5.0,2.0,,,50.0,MIN,16,3,1,0.6,4.0,0.0,0.0,1.0
Dylan Laube,RB,1,-4.67,-4.67,0,0,0.0,0.0,,,,LVR,9,0,0,0.0,0.0,0.0,0.0,0.0
British Brooks,RB,1,-0.34,-0.34,2,0,2.0,2.0,,,,HOU,5,0,0,0.4,2.0,0.0,0.0,0.0
Chigoziem Okonkwo,TE,1,0.0,0.0,17,0,17.0,0.0,,,,TEN,16,10,1,1.1,0.0,0.0,0.0,0.0
Charlie Kolar,TE,1,1.72,1.72,2,0,2.0,1.0,,,100.0,BAL,12,3,1,0.2,1.0,0.0,0.0,1.0
Tyler Conklin,TE,1,-3.28,-3.28,0,0,0.0,0.0,,,,NYJ,15,14,0,0.0,0.0,0.0,0.0,0.0
Trey McBride,TE,1,0.6,0.6,2,1,2.0,3.0,,,100.0,ARI,15,15,1,0.1,3.0,0.0,0.0,1.0
Cade Otton,TE,1,-1.32,-1.32,-4,0,-4.0,2.0,100.0,,,TAM,14,14,0,-0.3,2.0,1.0,0.0,0.0
Tanner Hudson,TE,1,1.76,1.76,1,0,1.0,0.0,,,100.0,CIN,10,0,1,0.1,0.0,0.0,0.0,1.0
Drew Sample,TE,1,-1.48,-1.48,-4,0,-4.0,0.0,100.0,,,CIN,16,14,0,-0.3,0.0,1.0,0.0,0.0
Travis Kelce,TE,1,-0.09,-0.09,1,0,1.0,2.0,,,,KAN,16,16,0,0.1,2.0,0.0,0.0,0.0
Jermaine Jackson,WR,1,-0.88,-0.88,-1,0,-1.0,5.0,100.0,,,NOR,4,0,0,-0.3,5.0,1.0,0.0,0.0
Ainias Smith,WR,1,-0.39,-0.39,2,0,2.0,1.0,,,,PHI,6,1,0,0.3,1.0,0.0,0.0,0.0
Chris Godwin,WR,1,1.54,1.54,2,0,2.0,1.0,,,100.0,TAM,7,7,1,0.3,1.0,0.0,0.0,1.0
Olamide Zaccheaus,WR,1,0.0,0.0,8,0,8.0,0.0,,,,WAS,16,5,1,0.5,0.0,0.0,0.0,0.0
Garrett Wilson,WR,1,0.39,0.39,5,0,5.0,17.0,,,100.0,NYJ,16,16,1,0.3,17.0,0.0,0.0,1.0
Elijah Moore,WR,1,-0.44,-0.44,1,0,1.0,0.0,,,,CLE,16,12,0,0.1,0.0,0.0,0.0,0.0
Tyler Boyd,WR,1,0.87,0.87,3,0,3.0,4.0,,,100.0,TEN,16,8,1,0.2,4.0,0.0,0.0,1.0
Justin Jefferson,WR,1,-0.22,-0.22,3,0,3.0,0.0,,,,MIN,16,16,0,0.2,0.0,0.0,0.0,0.0
DeVonta Smith,WR,1,-0.47,-0.47,1,0,1.0,1.0,,,,PHI,13,13,0,0.1,1.0,0.0,0.0,0.0
Cedric Tillman,WR,1,-2.41,-2.41,-5,0,-5.0,0.0,100.0,,,CLE,11,6,0,-0.5,0.0,1.0,0.0,0.0
Marquez Valdes-Scantling,WR,1,-0.27,-0.27,4,0,4.0,0.0,,,,2TM,13,7,0,0.3,0.0,0.0,0.0,0.0
Marquez Valdes-Scantling,WR,1,-0.27,-0.27,4,0,4.0,0.0,,,,BUF,6,0,0,0.0,0.0,0.0,0.0,0.0
Marquez Valdes-Scantling,WR,1,-0.27,-0.27,4,0,4.0,0.0,,,,NOR,7,7,0,0.6,0.0,0.0,0.0,0.0
Josh Downs,WR,1,0.29,0.29,12,0,12.0,0.0,100.0,,100.0,IND,13,7,0,0.9,0.0,1.0,0.0,1.0
Michael Wilson,WR,1,0.0,0.0,7,0,7.0,0.0,,,,ARI,16,13,0,0.4,0.0,0.0,0.0,0.0
David Moore,WR,1,-1.35,-1.35,0,0,0.0,0.0,,,,CAR,16,5,0,0.0,0.0,0.0,0.0,0.0
Chris Olave,WR,1,0.88,0.88,7,0,7.0,1.0,,,100.0,NOR,8,8,1,0.9,1.0,0.0,0.0,1.0
Rashee Rice,WR,1,2.35,2.35,1,0,1.0,0.0,,,100.0,KAN,4,4,1,0.3,0.0,0.0,0.0,1.0
Steven Sims,WR,1,-0.5,-0.5,0,0,0.0,2.0,,,,HOU,7,0,0,0.0,2.0,0.0,0.0,0.0
Ja'Lynn Polk,WR,1,-0.69,-0.69,0,0,0.0,0.0,,,,NWE,15,7,0,0.0,0.0,0.0,0.0,0.0
Kevin Austin,WR,1,0.84,0.84,9,0,9.0,2.0,,,,NOR,7,2,0,1.3,2.0,0.0,0.0,0.0
Drake London,WR,1,-2.37,-2.37,-3,0,-3.0,0.0,100.0,,,ATL,16,16,0,-0.2,0.0,1.0,0.0,0.0
Kendrick Bourne,WR,1,0.7,0.7,6,0,6.0,3.0,,,100.0,NWE,11,8,1,0.5,3.0,0.0,0.0,1.0
Jha'Quan Jackson,WR,1,-1.69,-1.69,-5,0,-5.0,0.0,100.0,,,TEN,12,0,0,-0.4,0.0,1.0,0.0,0.0
Jahan Dotson,WR,1,0.75,0.75,13,0,13.0,0.0,,100.0,100.0,PHI,16,5,1,0.8,0.0,0.0,1.0,1.0
